{
  "loss": 6.390995025634766,
  "n": 596,
  "top1": 0.0016778523568063974,
  "top5": 0.008389261551201344,
  "top10": 0.016778523102402687,
  "mrr": 0.011989165097475052,
  "median_rank": 297.0,
  "off_diag_cosine": 0.029690533876419067,
  "pred_std": 0.001649719662964344,
  "target_std": 0.008903151378035545,
  "collapse_score": 0.1852961488484036,
  "mean_diag_cosine": 0.029784372076392174,
  "random_top1_expected": 0.0016778523489932886,
  "random_top5_expected": 0.008389261744966443,
  "random_top10_expected": 0.016778523489932886,
  "best_epoch": 2,
  "best_score": 0.016183795873075724,
  "best_mrr": 0.011989165097475052,
  "best_top10": 0.016778523102402687,
  "best_collapse_score": 0.1852961488484036,
  "target_bank_audit": {
    "target_bank_n": 3974.0,
    "target_off_diag_mean": 0.9545738101005554,
    "target_off_diag_std": 0.008043263107538223
  },
  "target_bank_n": 3974.0,
  "target_off_diag_mean": 0.9545738101005554,
  "target_off_diag_std": 0.008043263107538223,
  "input_domain": "zuna",
  "target_mode": "real",
  "split_mode": "random",
  "condition": "zuna_real"
}