{
  "loss": 4.9177045822143555,
  "n": 125,
  "top1": 0.00800000037997961,
  "top5": 0.04800000041723251,
  "top10": 0.09600000083446503,
  "mrr": 0.04743046686053276,
  "median_rank": 59.0,
  "off_diag_cosine": -0.0004313725221436471,
  "pred_std": 0.01842907816171646,
  "target_std": 0.04410967603325844,
  "collapse_score": 0.4178012585678717,
  "mean_diag_cosine": 0.00042139875586144626,
  "random_top1_expected": 0.008,
  "random_top5_expected": 0.04,
  "random_top10_expected": 0.08,
  "best_epoch": 10,
  "best_score": 0.07143046706914902,
  "best_mrr": 0.04743046686053276,
  "best_top10": 0.09600000083446503,
  "best_collapse_score": 0.4178012585678717,
  "target_bank_audit": {
    "target_bank_n": 3974.0,
    "target_off_diag_mean": 0.9545738101005554,
    "target_off_diag_std": 0.008043263107538223
  },
  "target_bank_n": 3974.0,
  "target_off_diag_mean": 0.9545738101005554,
  "target_off_diag_std": 0.008043263107538223,
  "input_domain": "zuna",
  "target_mode": "random",
  "split_mode": "run",
  "condition": "zuna_random"
}