{
  "loss": 4.826174736022949,
  "n": 125,
  "top1": 0.024000000208616257,
  "top5": 0.0560000017285347,
  "top10": 0.1120000034570694,
  "mrr": 0.06044143810868263,
  "median_rank": 56.0,
  "off_diag_cosine": 0.002075010910630226,
  "pred_std": 0.04165352135896683,
  "target_std": 0.008797196671366692,
  "collapse_score": 4.734863038192794,
  "mean_diag_cosine": 0.005473783239722252,
  "random_top1_expected": 0.008,
  "random_top5_expected": 0.04,
  "random_top10_expected": 0.08,
  "best_epoch": 37,
  "best_score": 0.08844143897294998,
  "best_mrr": 0.06044143810868263,
  "best_top10": 0.1120000034570694,
  "best_collapse_score": 4.734863038192794,
  "target_bank_audit": {
    "target_bank_n": 3974.0,
    "target_off_diag_mean": 0.9545738101005554,
    "target_off_diag_std": 0.008043263107538223
  },
  "target_bank_n": 3974.0,
  "target_off_diag_mean": 0.9545738101005554,
  "target_off_diag_std": 0.008043263107538223,
  "input_domain": "zuna",
  "target_mode": "shuffled",
  "split_mode": "run",
  "condition": "zuna_shuffled"
}