condition,split,n_train,n_val,top1,top5,mrr,mean_diag_cosine,pred_std,target_std,collapse_score,loss,random_top1_expected,random_top5_expected
raw_random,random,1234,321,0.05,0.2,0.1,0.3,0.8,1.0,0.8,4.5,0.003115264797507788,0.01557632398753894
raw_runheldout,run,1234,321,0.05,0.2,0.1,0.3,0.8,1.0,0.8,4.5,0.003115264797507788,0.01557632398753894
resample_runheldout,run,1234,321,0.05,0.2,0.1,0.3,0.8,1.0,0.8,4.5,0.003115264797507788,0.01557632398753894
zuna_runheldout,run,1234,321,0.05,0.2,0.1,0.3,0.8,1.0,0.8,4.5,0.003115264797507788,0.01557632398753894
zuna_shuffled,run,1234,321,0.01,0.05,0.1,0.3,0.8,1.0,0.8,4.5,0.003115264797507788,0.01557632398753894
zuna_random_clip,run,1234,321,0.05,0.2,0.1,0.3,0.8,1.0,0.8,4.5,0.003115264797507788,0.01557632398753894
