{
  "loss": 4.519637107849121,
  "n": 125,
  "top1": 0.0560000017285347,
  "top5": 0.1599999964237213,
  "top10": 0.25600001215934753,
  "mrr": 0.1277172565460205,
  "median_rank": 29.0,
  "off_diag_cosine": 0.008711373433470726,
  "pred_std": 0.03781170770525932,
  "target_std": 0.008833467029035091,
  "collapse_score": 4.280505896605992,
  "mean_diag_cosine": 0.04197690635919571,
  "random_top1_expected": 0.008,
  "random_top5_expected": 0.04,
  "random_top10_expected": 0.08,
  "best_epoch": 50,
  "best_score": 0.1917172595858574,
  "best_mrr": 0.1277172565460205,
  "best_top10": 0.25600001215934753,
  "best_collapse_score": 4.280505896605992,
  "target_bank_audit": {
    "target_bank_n": 3974.0,
    "target_off_diag_mean": 0.9545738101005554,
    "target_off_diag_std": 0.008043263107538223
  },
  "target_bank_n": 3974.0,
  "target_off_diag_mean": 0.9545738101005554,
  "target_off_diag_std": 0.008043263107538223,
  "input_domain": "zuna",
  "target_mode": "real",
  "split_mode": "run",
  "condition": "zuna_real"
}